operationToken,responseToken,docType
cd9695d8ea6544ddae88533bd4269de0,89a11aa9605444dc,passport
b2303df9f3744b20b844ca6d76a54329,903c326126f04f27,passport
7f575a5fe65a418b81082ca011cbc356,20ee312a29b84970,passport
b5a8aca6e582466388bbc5c691269658,d065add5b3b04d29,passport
cee8739ea20448f3944ca3a1dd3949d4,6f93a13ad39448ce,passport
ca60af94f0494f4f85d3e0fe4b6c7bb0,cf30f117ff784551,passport
91b4ee91e9094aaf9efc3d1abcc9fb77,f4412d08ab2344e3,passport
9a35538f749f447695059fde61d5ce09,e6f93565ea004121,passport
41fef8b6c36f40beae63e63ec822a800,ed3744bbd99a4719,passport
ed6b7782e620494b9202ce684138d49e,2341ebda4c444e2e,passport
2d6276fa22b84a28940ee32544560ba6,c0211b6a12514b71,passport
